<?xml version="1.0" encoding="UTF-8"?>

<configuration scan="true">
    <include resource="org/springframework/boot/logging/logback/base.xml"/>

    <appender name="INFO_FILE" class="ch.qos.logback.core.rolling.RollingFileAppender">
        <rollingPolicy class="ch.qos.logback.core.rolling.TimeBasedRollingPolicy">
            <fileNamePattern>/home/soft/edi/edi945Trail/logs/edi945Trail.%d{yyyy-MM-dd}.log</fileNamePattern>
            <maxHistory>90</maxHistory>
        </rollingPolicy>
        <encoder>
            <charset>utf-8</charset>
            <Pattern>%d %-5level [serialNo:%X{sn}] [%t] %logger{0}: %msg%n</Pattern>
        </encoder>
    </appender>


    <appender name="ASYNC" class="ch.qos.logback.classic.AsyncAppender">
        <queueSize>512</queueSize>
        <appender-ref ref="INFO_FILE"/>
    </appender>

    <logger name="com.cpscs" level="DEBUG"/>



    <contextListener class="ch.qos.logback.classic.jul.LevelChangePropagator">
        <resetJUL>true</resetJUL>
    </contextListener>

    <root level="INFO">
        <appender-ref ref="ASYNC"/>
    </root>

</configuration>
