<?xml version="1.0" encoding="UTF-8" ?>
<!DOCTYPE mapper PUBLIC "-//mybatis.org//DTD Mapper 3.0//EN" "http://mybatis.org/dtd/mybatis-3-mapper.dtd" >
<mapper namespace="com.cpscs.omsorderbill.dao.TabCommHolidayMapper" >
  <resultMap id="BaseResultMap" type="com.cpscs.omsorderbill.domain.TabCommHoliday" >
    <id column="ID" property="id" jdbcType="VARCHAR" />
    <result column="HOLIDAY_DATE" property="holidayDate" jdbcType="DATE" />
    <result column="CREATE_USER_ID" property="createUserId" jdbcType="VARCHAR" />
    <result column="CREATE_DATE" property="createDate" jdbcType="TIMESTAMP" />
    <result column="UPDATE_USER_ID" property="updateUserId" jdbcType="VARCHAR" />
    <result column="UPDATE_DATE" property="updateDate" jdbcType="TIMESTAMP" />
  </resultMap>
  <sql id="Example_Where_Clause" >
    <where >
      <foreach collection="oredCriteria" item="criteria" separator="or" >
        <if test="criteria.valid" >
          <trim prefix="(" suffix=")" prefixOverrides="and" >
            <foreach collection="criteria.criteria" item="criterion" >
              <choose >
                <when test="criterion.noValue" >
                  and ${criterion.condition}
                </when>
                <when test="criterion.singleValue" >
                  and ${criterion.condition} #{criterion.value}
                </when>
                <when test="criterion.betweenValue" >
                  and ${criterion.condition} #{criterion.value} and #{criterion.secondValue}
                </when>
                <when test="criterion.listValue" >
                  and ${criterion.condition}
                  <foreach collection="criterion.value" item="listItem" open="(" close=")" separator="," >
                    #{listItem}
                  </foreach>
                </when>
              </choose>
            </foreach>
          </trim>
        </if>
      </foreach>
    </where>
  </sql>
  <sql id="Update_By_Example_Where_Clause" >
    <where >
      <foreach collection="example.oredCriteria" item="criteria" separator="or" >
        <if test="criteria.valid" >
          <trim prefix="(" suffix=")" prefixOverrides="and" >
            <foreach collection="criteria.criteria" item="criterion" >
              <choose >
                <when test="criterion.noValue" >
                  and ${criterion.condition}
                </when>
                <when test="criterion.singleValue" >
                  and ${criterion.condition} #{criterion.value}
                </when>
                <when test="criterion.betweenValue" >
                  and ${criterion.condition} #{criterion.value} and #{criterion.secondValue}
                </when>
                <when test="criterion.listValue" >
                  and ${criterion.condition}
                  <foreach collection="criterion.value" item="listItem" open="(" close=")" separator="," >
                    #{listItem}
                  </foreach>
                </when>
              </choose>
            </foreach>
          </trim>
        </if>
      </foreach>
    </where>
  </sql>
  <sql id="Base_Column_List" >
    ID, HOLIDAY_DATE, CREATE_USER_ID, CREATE_DATE, UPDATE_USER_ID, UPDATE_DATE
  </sql>
  <select id="selectByExample" resultMap="BaseResultMap" parameterType="com.cpscs.omsorderbill.domain.TabCommHolidayExample" >
    select
    <if test="distinct" >
      distinct
    </if>
    <include refid="Base_Column_List" />
    from tab_comm_holiday
    <if test="_parameter != null" >
      <include refid="Example_Where_Clause" />
    </if>
    <if test="orderByClause != null" >
      order by ${orderByClause}
    </if>
  </select>
  <select id="selectByPrimaryKey" resultMap="BaseResultMap" parameterType="java.lang.String" >
    select 
    <include refid="Base_Column_List" />
    from tab_comm_holiday
    where ID = #{id,jdbcType=VARCHAR}
  </select>
  <delete id="deleteByPrimaryKey" parameterType="java.lang.String" >
    delete from tab_comm_holiday
    where ID = #{id,jdbcType=VARCHAR}
  </delete>
  <delete id="deleteByExample" parameterType="com.cpscs.omsorderbill.domain.TabCommHolidayExample" >
    delete from tab_comm_holiday
    <if test="_parameter != null" >
      <include refid="Example_Where_Clause" />
    </if>
  </delete>
  <insert id="insert" parameterType="com.cpscs.omsorderbill.domain.TabCommHoliday" >
    insert into tab_comm_holiday (ID, HOLIDAY_DATE, CREATE_USER_ID, 
      CREATE_DATE, UPDATE_USER_ID, UPDATE_DATE
      )
    values (#{id,jdbcType=VARCHAR}, #{holidayDate,jdbcType=DATE}, #{createUserId,jdbcType=VARCHAR}, 
      #{createDate,jdbcType=TIMESTAMP}, #{updateUserId,jdbcType=VARCHAR}, #{updateDate,jdbcType=TIMESTAMP}
      )
  </insert>
  <insert id="insertSelective" parameterType="com.cpscs.omsorderbill.domain.TabCommHoliday" >
    insert into tab_comm_holiday
    <trim prefix="(" suffix=")" suffixOverrides="," >
      <if test="id != null" >
        ID,
      </if>
      <if test="holidayDate != null" >
        HOLIDAY_DATE,
      </if>
      <if test="createUserId != null" >
        CREATE_USER_ID,
      </if>
      <if test="createDate != null" >
        CREATE_DATE,
      </if>
      <if test="updateUserId != null" >
        UPDATE_USER_ID,
      </if>
      <if test="updateDate != null" >
        UPDATE_DATE,
      </if>
    </trim>
    <trim prefix="values (" suffix=")" suffixOverrides="," >
      <if test="id != null" >
        #{id,jdbcType=VARCHAR},
      </if>
      <if test="holidayDate != null" >
        #{holidayDate,jdbcType=DATE},
      </if>
      <if test="createUserId != null" >
        #{createUserId,jdbcType=VARCHAR},
      </if>
      <if test="createDate != null" >
        #{createDate,jdbcType=TIMESTAMP},
      </if>
      <if test="updateUserId != null" >
        #{updateUserId,jdbcType=VARCHAR},
      </if>
      <if test="updateDate != null" >
        #{updateDate,jdbcType=TIMESTAMP},
      </if>
    </trim>
  </insert>
  <select id="countByExample" parameterType="com.cpscs.omsorderbill.domain.TabCommHolidayExample" resultType="java.lang.Integer" >
    select count(*) from tab_comm_holiday
    <if test="_parameter != null" >
      <include refid="Example_Where_Clause" />
    </if>
  </select>
  <update id="updateByExampleSelective" parameterType="map" >
    update tab_comm_holiday
    <set >
      <if test="record.id != null" >
        ID = #{record.id,jdbcType=VARCHAR},
      </if>
      <if test="record.holidayDate != null" >
        HOLIDAY_DATE = #{record.holidayDate,jdbcType=DATE},
      </if>
      <if test="record.createUserId != null" >
        CREATE_USER_ID = #{record.createUserId,jdbcType=VARCHAR},
      </if>
      <if test="record.createDate != null" >
        CREATE_DATE = #{record.createDate,jdbcType=TIMESTAMP},
      </if>
      <if test="record.updateUserId != null" >
        UPDATE_USER_ID = #{record.updateUserId,jdbcType=VARCHAR},
      </if>
      <if test="record.updateDate != null" >
        UPDATE_DATE = #{record.updateDate,jdbcType=TIMESTAMP},
      </if>
    </set>
    <if test="_parameter != null" >
      <include refid="Update_By_Example_Where_Clause" />
    </if>
  </update>
  <update id="updateByExample" parameterType="map" >
    update tab_comm_holiday
    set ID = #{record.id,jdbcType=VARCHAR},
      HOLIDAY_DATE = #{record.holidayDate,jdbcType=DATE},
      CREATE_USER_ID = #{record.createUserId,jdbcType=VARCHAR},
      CREATE_DATE = #{record.createDate,jdbcType=TIMESTAMP},
      UPDATE_USER_ID = #{record.updateUserId,jdbcType=VARCHAR},
      UPDATE_DATE = #{record.updateDate,jdbcType=TIMESTAMP}
    <if test="_parameter != null" >
      <include refid="Update_By_Example_Where_Clause" />
    </if>
  </update>
  <update id="updateByPrimaryKeySelective" parameterType="com.cpscs.omsorderbill.domain.TabCommHoliday" >
    update tab_comm_holiday
    <set >
      <if test="holidayDate != null" >
        HOLIDAY_DATE = #{holidayDate,jdbcType=DATE},
      </if>
      <if test="createUserId != null" >
        CREATE_USER_ID = #{createUserId,jdbcType=VARCHAR},
      </if>
      <if test="createDate != null" >
        CREATE_DATE = #{createDate,jdbcType=TIMESTAMP},
      </if>
      <if test="updateUserId != null" >
        UPDATE_USER_ID = #{updateUserId,jdbcType=VARCHAR},
      </if>
      <if test="updateDate != null" >
        UPDATE_DATE = #{updateDate,jdbcType=TIMESTAMP},
      </if>
    </set>
    where ID = #{id,jdbcType=VARCHAR}
  </update>
  <update id="updateByPrimaryKey" parameterType="com.cpscs.omsorderbill.domain.TabCommHoliday" >
    update tab_comm_holiday
    set HOLIDAY_DATE = #{holidayDate,jdbcType=DATE},
      CREATE_USER_ID = #{createUserId,jdbcType=VARCHAR},
      CREATE_DATE = #{createDate,jdbcType=TIMESTAMP},
      UPDATE_USER_ID = #{updateUserId,jdbcType=VARCHAR},
      UPDATE_DATE = #{updateDate,jdbcType=TIMESTAMP}
    where ID = #{id,jdbcType=VARCHAR}
  </update>
</mapper>